chr	start	end	width	SampleA_H3K27me3_padj	SampleA_H3K27me3_class	SampleA_H3K27me3_score	SampleA_H3K4me3_padj	SampleA_H3K4me3_class	SampleA_H3K4me3_score	SampleB_H3K27me3_padj	SampleB_H3K27me3_class	SampleB_H3K27me3_score	SampleB_H3K4me3_padj	SampleB_H3K4me3_class	SampleB_H3K4me3_score	H3K27me3_DeltaScore	H3K4me3_DeltaScore
chr20	297560	297660	101	1	0	-0.13836091942271	0.00104189315268323	1	6.56129701810214	1	0	-0.102597196164092	1	0	-0.0885684604896661	0.0357637232586179	-6.64986547859181
chr20	324560	324660	101	1	0	-0.13836091942271	1	0	-0.0969144646496518	1	0	-0.102597196164092	1	0	-0.0885684604896661	0.0357637232586179	0.00834600415998567
chr20	381290	381390	101	1	0	-0.13836091942271	0.00104189315268323	1	6.56129701810214	1	0	-0.102597196164092	1	0	-0.0885684604896661	0.0357637232586179	-6.64986547859181
