seqnames	start	end	width	counts_control	counts_experiment	logFC	score	modification_factor	test_lambda	pvalue	padj	significant
chr20	297560	297660	101	0	1	6.6582114827518	6.56129701810214	1	0.000694836778295117	0.000694595435122156	0.00104189315268323	ns
chr20	324560	324660	101	0	0	0	-0.0969144646496518	1	0.000694836778295117	1	1	ns
chr20	381290	381390	101	0	1	6.6582114827518	6.56129701810214	1	0.000694836778295117	0.000694595435122156	0.00104189315268323	ns
